NumberOfListings,Host
639,Shay
71,Simone
61,Damaras
56,Didi
40,Richard
38,Arden
38,Justin
36,Inn At Wrigleyville
36,Christi
34,Jade
32,Lei
31,Marcus
30,Candy
28,Nala & Owen
27,David
24,Vax
24,Art
24,Kellye
23,Reinaldo
23,Jas
23,Juan
22,Nora
22,David
22,Stel
21,Martin
21,Acme
21,Jaycee
21,Joelle
21,Susie
21,Mosmi
20,Jacqueline
20,Lemaire
19,Md Bulbul
18,Jorge
18,Jasmeka
18,Dana
18,Karna
17,Marie & Barbara
17,Anthony
17,Patrizia
16,Collins
16,Kcs
16,Carolina
16,Himanshu
16,Shawn
15,Mary
15,John
15,Daran
15,Rick
14,Bob
14,Sue
14,Qui
13,Siddharth
13,Nicky
13,Jose
13,Erik
13,Nora
12,Chris
12,Jason
12,Demitri
12,Felice
12,Patrick R
12,Mark
12,Cerise
12,Jackson
11,Josh
11,Marty
11,Kc
11,Aprelah
11,Rabbu
11,Krisztina
11,Blueground
11,Holly
11,Erickson
11,Meighan
11,"You Are Where I Go, LLC"
10,Kelsey
10,Lois
10,Paradise And Michael
10,Michelle
10,Helen
10,Samantha
10,Alexander
10,James
10,Laura
10,Corrine
10,Stef And Ross
10,Lesley
10,Rishi
10,Hannah
10,Chris And Keri
10,Jade
10,Marek
10,Aaron
10,Melissa
9,T
9,Wanda
9,Tess
9,Nancy
9,Paul
9,Kristen
9,Alexandria
9,Dw
9,MaTennessee
9,Stephanie
9,Seven Properties
9,Lois And Eduardo
9,Mike
9,Jason
9,Maria Camila
8,Kaylan
8,Angelica
8,Sam
8,David
8,Hazel
8,Celiane
8,Susan
8,Stacy
8,Nadzeya
8,Paul And Olgi
8,Jon
8,Tangeria
8,Stephanie
8,Carlessa
8,Laura
8,Catherine
8,Charlotte
8,Monica
7,Tiffany
7,Daniel
7,Kimberli
7,David
7,Carla
7,Greg
7,Lilly
7,Shaena
7,Steven
7,Noir Gras
7,Wade
7,Joshua
7,Orbilia
7,Marabella
7,Nancy
7,Catherine
7,Dl
7,Sam
7,Apollo
7,Alex
7,Anne
7,Dario
7,姿漪
7,Mercedes
7,Charlie
6,Laura
6,Andie
6,Idah
6,Conor
6,William & Naudra L.
6,Bill & Kathy
6,Terence
6,Allison
6,Dawn
6,Michael
6,Bel
6,Walton
6,Nausheen
6,Ayanna And Lawrence
6,Andy
6,Gavino
6,Ishmael
6,Cathy
6,Gianna
6,Ben
6,Jaden
6,Jonathan & Chanelle
6,Rachel
6,Gildas
6,Tricia
6,John
6,Megan
6,Dan
6,Nina
6,Carlos
6,Luis Daniel
6,Amanda
6,Alex
6,Sean
6,Natalie
6,Tavis
6,Nate
6,Larry
6,Frank
6,Habib
6,Abacus
6,Leonard
6,Asiah
6,Athena
6,Paula
6,The Adventurers
6,Frontdesk
6,Chris
6,Alina
6,German
6,Rob
5,Ahmad
5,Sarah
5,Madeline
5,Rabeeha
5,Tamera
5,Elizabeth
5,Zohra
5,Eric
5,Emma And Jim
5,Selena
5,Lindsay
5,Maria
5,Kristy
5,Erica
5,Hernesto
5,Langley
5,Niki
5,Shane
5,Jane
5,Ryan
5,Pam
5,Roman
5,Albano
5,Matthew
5,Sebastien
5,Chevonne
5,Emma
5,Peter
5,Matthew
5,Tony
5,Hakim
5,John
5,Olga
5,Amanda
5,Luke
5,Leeraz
5,Clemente
5,Amanda
5,Northside
5,Benjamin
5,Blu
5,Kamelia And Jordan
4,Sarah
4,Oscar
4,Juan
4,Hernan
4,Laura & Selwyn
4,Amaris
4,Chicago Furnished
4,Alberto A
4,Michael
4,Kimberly
4,Paul
4,Thomas
4,Ross
4,Nate
4,Chase
4,Michelle
4,Brett
4,Tiara
4,Rolan & Bill
4,Dennis
4,Erin
4,Minjae
4,Gary
4,Aloft Chicago Mag Mile
4,Angie
4,Brandy
4,Hunter
4,Jordan
4,Joe
4,Shiv
4,Ravenswood Properties
4,Danielle
4,Matthew
4,Dan
4,Troy
4,Monica
4,Erin
4,Patricia
4,Yong
4,Kitty
4,Edward
4,Doris
4,Anthony
4,Frank
4,Caroline
4,Jonathan
4,David
4,Edgar
4,Ousmane
4,Janet
4,Myrtle
4,Ashton
4,Bill
4,James
4,Dean
4,Steve
4,Lia
4,Robert
4,Charlie
4,Elliot & Deena
4,Almir And Majda
4,747 Lofts Concierge
4,John
4,Pawel
4,Perry
4,Demos
4,Gavin
4,Nicole & Anders
4,Dan
4,Dior
4,Molly
4,Jody
4,Jorge
4,Ashley
4,Shermeen
4,Asa
4,Laimis
4,Danielle
4,Marlon
4,Eddy
4,Sandra
4,Dan
4,Miriam
4,Luis
4,Dustin
3,Will
3,Michael
3,Randy
3,Kate
3,Alma L.
3,Chicago Home Stays
3,Darryl
3,Nick
3,Jenna
3,Elinor
3,Gerard
3,Melissa
3,Patrick
3,Antonio
3,Kd
3,Adrian
3,Paula
3,Mar
3,Luis
3,Mark And Collette
3,Ralph
3,Mary
3,Sandro
3,Hasan
3,William
3,Eduardo
3,Roger
3,Martha
3,Chris
3,Maricela
3,Latoya
3,Kenny
3,Xeno
3,Jesus
3,Junni
3,Tony
3,(Email hidden by Airbnb)
3,Albert
3,Robert
3,Rebekah
3,Roxy
3,Briana
3,Sabiha
3,Yana
3,Vilma
3,Marilyn
3,Hernan
3,Omar
3,Borja
3,Kari
3,Laura
3,Tim
3,Abia
3,Kate
3,Tyre
3,Christopher
3,Juan
3,Sharon
3,Alma
3,Brianna
3,Ryan
3,Shaun
3,Febi
3,Nick
3,Katrina
3,RaeGina
3,David
3,Beatrice & Stefan
3,Bobby
3,The Robey Hotel
3,Suzanne
3,Naina
3,Algenoy
3,Michael
3,Reno
3,Becky
3,Samir
3,Clayton
3,Tricia
3,Yakir
3,Shem Cosmos
3,Melody
3,Volorya
3,Girard
3,Briana
3,Sonia
3,Max
3,Renata And Jason
3,Nicholas & Jesse
3,John
3,Rinee
3,Ben
3,Lawrence
3,Gerald
3,Micha
3,Rosalia
3,Nadine
3,Caryl
3,Lisa
3,Christina
3,Ronaldo And Carla
3,Ed
3,Azhar
3,Marcus
3,Emily
3,Elizabeth
3,Rebecca
3,Tk
3,Anne
3,Ljubomir
3,Johanna
3,Carl
3,Matthew
3,Nina
3,Mladen
3,Agbolade
3,Yvonne
3,Andy
3,Crystal
3,Samson
3,Jaime
3,Elizabeth
3,Donald
3,Kevin
3,Cesar
3,Kum Hee
3,Nicole
3,Samantha
3,Andrew
3,Shakari
3,Samuel
3,Roberto
3,Jason
3,Dorian
3,Dorene
3,Dede
3,Mary And Hunter
3,Emmanuel
3,Brenda
3,Joceline
3,Julian
3,John
3,Nicole
3,Vas
3,Angela Lynn
3,Caroline
3,John
3,George
3,Lauresha & Luan
3,Jacob
3,Noelle
3,Shawn
3,Kari
3,David
3,Katherine
3,Elizabeth
3,Matt
3,Rolando
3,Gianluca
3,Tamiz
3,Tamara
2,Liyaquat
2,Dennis
2,Erik
2,Antania
2,Ervin
2,Sameer
2,Zac
2,Sherry
2,Colin
2,Syed
2,Shanasha
2,Beata
2,Lori
2,Brandon
2,Andrea
2,Tippi
2,Cesar
2,Ron
2,Malique
2,Vincent
2,Deidre E S.O.
2,Sharleen
2,NiyajHousing
2,Camila And Ken
2,Jean & Charlyn
2,John
2,Abigail
2,Delphine
2,Kriselda
2,Joseph
2,Henry
2,Jacob
2,Stephan
2,Kayode
2,Hannaniah
2,George
2,Susan
2,Maganbhai
2,Logan
2,Laura And Joel
2,Claudia
2,Marty & Rob
2,More Space
2,Megan
2,Neda
2,Kb
2,Josh
2,Denise & Paul
2,Amanda
2,Kristin
2,Edita
2,Sara
2,Martha
2,Stephanie And Zach
2,Hazel
2,Jasna
2,Safa
2,Nicole
2,Yolanda
2,Daniel
2,Carmen
2,Carolyn
2,Charissa
2,Luis
2,John
2,Carlton
2,Samantha
2,Chris & Preeti
2,Amisha
2,Heather
2,Nicole
2,Al
2,Dejaune
2,Brian
2,Louis
2,Brock & Kim
2,Heather
2,Julia
2,Emily
2,Aqsa
2,Olabisi
2,Melissa
2,Aubrey
2,Upscale Accommodations
2,Trisha
2,Lane
2,Patrick
2,Jessica
2,Doral
2,Maria
2,Rys
2,Kate
2,Bindi
2,Matt
2,Dean
2,Poliana
2,Crystal
2,Aiyana
2,Patty
2,Bora
2,Desmond
2,William
2,TaSheena
2,Frank (And Meridith)
2,Martha
2,Kenneth
2,David
2,Kellen
2,Alexandrina
2,Mario
2,Christiana
2,Charles
2,Godfrey Hotel
2,Kyra
2,Esmeralda
2,Tara
2,Judy
2,Can
2,Luke
2,Carrie
2,Jane
2,Emily
2,Tova
2,Donte
2,Brandon
2,Getahun
2,Jennifer
2,Michael And Veronica
2,Sharon
2,Anne
2,Lauren
2,Kevin
2,Justin
2,Aleksandra
2,Sweet Home Of Chicago
2,Kerilyn
2,Rahul
2,Found Hotel Chicago River North
2,June Team
2,Yang
2,Ross
2,Marco
2,Andrea
2,Eric
2,Jenny
2,Ty
2,Erin
2,Can
2,Luke & Ligia
2,Cristina
2,Angélica
2,Elisabeth
2,Gregory
2,Brian
2,Annmarie
2,John
2,Ricky
2,Kaiti
2,Nelson
2,Dylan
2,Laura
2,Matthew
2,Daniel
2,Dusanka
2,George
2,JayTee
2,Piotr
2,Kirsten
2,Luis
2,Chanese
2,Clemencia
2,Tom
2,Giancarlo
2,Drew
2,Dario
2,Liz And Martin
2,Susan
2,Ethan
2,Christina
2,Chris
2,Jerome
2,Jenny
2,Peter
2,Christopher
2,Emil
2,Kelly
2,Nick
2,Marco
2,Patricia
2,Tony
2,Dorhec & Kyle
2,Marco
2,Paul
2,Robert
2,Hana
2,Emily
2,Oguzhan
2,Kenan
2,Milton
2,Nosayaba And Mia
2,Kristen
2,David
2,Catherine
2,Steven
2,Rob
2,Chantell
2,Earl
2,Feyi
2,Rachel
2,Heidi
2,Shane
2,Claudia
2,Sujata
2,William
2,Carin
2,Graziela
2,Elizabeth
2,Dan And Michele
2,Tracye
2,Vance
2,Barbara
2,Patricia
2,Jessica
2,Aya
2,D & B
2,Dan
2,Cali
2,D
2,Brian
2,Jasmine
2,Leslie
2,Zuly
2,Russ
2,Eugene
2,Anny
2,Christopher
2,Wong
2,Bill And Susan
2,Meagan
2,Izzy
2,Lyn
2,Jill K
2,Kareeshma
2,Liz
2,Saul
2,Urszula
2,Rubani
2,Maleek
2,Kiva
2,Warwick Allerton Hotel
2,Daniel
2,Joshua
2,Matthew
2,O
2,Stephen
2,Valeriy
2,Noel
2,Meghan
2,Alba D
2,Saf
2,Kim
2,Michelle
2,Kay
2,Brian & Gloriann
2,Reggie
2,Niyati
2,Irene
2,Dee
2,John
2,Elizabeth
2,Betsy
2,David
2,Silvia
2,Alexis
2,Brad & Sara
2,Ashley
2,Feven
2,Tarik
2,Mar & De
2,Melesa
2,Caroline
2,Karen
2,Raquel
2,Kristi
2,Anne
2,John
2,Miguel
2,Ronald
2,Kelly
2,Zencity
2,Milan
2,Rebecca & Armando
2,Tian
2,Mary Ann
2,John
2,Elaine
2,Nicoll
2,Larissa
2,Michelle
2,Timothy
2,Jim
2,Jason
2,Catherine
2,Melissa
2,Syed
2,Marius
2,Alex
2,Jessica
2,Omar
2,Ash
2,Smart
2,Staywell
2,Colleen
2,Tatiana & Roupen
2,Jeannine
2,Ilana
2,Maurice
2,Ragan
2,John
2,Erin
2,Suite Home
2,Jake
2,Michele
2,Oleg
2,Allan
2,Lisa
2,Christopher
2,Makwena
2,Juana
2,Veerpal
2,Marc
2,Naseer
2,Jorge
2,Killian
2,Jeremy
2,Christian & Thu
2,Susan
2,Alexis
2,Rebecca
2,Christine
2,Yuyu
2,Morgan
2,Amy
2,Patricia
2,Jason
2,Petra
2,Jenna
2,Marisa
2,Marty
2,Shannon
2,Kaushal
2,Jennifer
2,Rafael
2,Vick
2,Eladio
2,RaySean
2,Paul
2,Marjorie
2,Kaylee & Ken
2,Suzanne
2,Max
2,Anita
2,Michael
2,Tim
2,Marie
2,Rohan
2,Jackie
2,Henry
2,Margarita
2,Miguel
2,Michael
2,Paul
2,Sara
2,Jennie
2,Roy
2,Carolyn
2,Song
2,Yuzhuo
2,Todd
2,Amelia
2,Matt
2,Sarah
2,George
2,Joslyn
2,Jaime
2,Rashad & Ray
2,MGM Properties
2,Jess
2,Connor
2,Benjamin
2,Siyonke
2,Michael
2,Laura
2,Thom
2,Jeremy
2,Ditron
2,Rema
2,Chux
2,Walid
2,G
2,LaGenia
2,Naomi And JJ
2,Bertha
2,Alec
2,Michael
2,Zaine Lizandra
2,Dan
2,Moudi
2,Lupe
2,Corbin
2,Tiffany
2,Prudence
2,Mayreth A
2,Gracellen
2,Richard
2,Hotel Julian
2,Austin
2,Anthony
2,Jesus
2,Jen
2,Sabrina
2,Christine
2,Margaret
2,Saskya
2,Stas
2,John And Rachel
2,Kayla
2,Mary Joan
2,Linda
2,Kathleen
2,Maureen
2,Patrice
2,Brianna
2,Darius
2,Kim
